File,Max Bits,Compression Success,Compression Time (s),Decompression Success,Decompression Time (s),Match Original,Original Size (bytes),Compressed Size (bytes),Size Delta (bytes),File Type,CPU Usage (%),Memory Usage (%),Disk Usage (%),Compression Output,Decompression Output
mixed_data.txt,12,True,0.10175824165344238,True,0.06974673271179199,False,660,404,256.0,.txt,0.0,0.2564011882868864,6.85414113499094e-05,"Tempo de execução: 0.0435 segundos
Taxa de compressão: 3.0446
","Tempo de execução: 0.0002 segundos
Taxa de descompressão: 3.0990
"
hex_values.txt,12,True,0.08986544609069824,True,0.06539607048034668,True,220,176,44.0,.txt,0.0,0.0,6.590493566281095e-05,"Tempo de execução: 0.0234 segundos
Taxa de compressão: 2.5000
","Tempo de execução: 0.0002 segundos
Taxa de descompressão: 2.5000
"
sql_query.sql,12,True,0.12132811546325684,True,0.0744330883026123,True,1700,646,1054.0,.sql,0.0,0.0,6.590470980363665e-05,"Tempo de execução: 0.0559 segundos
Taxa de compressão: 5.2632
","Tempo de execução: 0.0003 segundos
Taxa de descompressão: 5.2632
"
csv_data.csv,12,True,0.10497188568115234,True,0.07660746574401855,True,640,370,270.0,.csv,100.5464480874317,1.5880790590183163,7.117683140359763e-05,"Tempo de execução: 0.0327 segundos
Taxa de compressão: 3.4595
","Tempo de execução: 0.0002 segundos
Taxa de descompressão: 3.4595
"
json_array.txt,12,True,0.11739540100097656,True,0.06446576118469238,True,540,348,192.0,.txt,0.0,0.03802495698307316,7.117659686079047e-05,"Tempo de execução: 0.0386 segundos
Taxa de compressão: 3.1034
","Tempo de execução: 0.0003 segundos
Taxa de descompressão: 3.1034
"
alpha_numeric.txt,12,True,0.10493230819702148,True,0.07524418830871582,True,406,240,166.0,.txt,0.0,0.0,8.962948147736907e-05,"Tempo de execução: 0.0315 segundos
Taxa de compressão: 3.3583
","Tempo de execução: 0.0003 segundos
Taxa de descompressão: 3.3583
"
repeating_words.txt,12,True,0.18006396293640137,True,0.07680678367614746,True,2600,502,2098.0,.txt,0.0,0.0,6.590379074650146e-05,"Tempo de execução: 0.1053 segundos
Taxa de compressão: 10.3586
","Tempo de execução: 0.0002 segundos
Taxa de descompressão: 10.3586
"
special_characters.txt,12,True,0.16858911514282227,True,0.07918143272399902,True,11,22,-11.0,.txt,11.568123393316208,0.0,0.00010808186637243092,"Compressão aumentou o tamanho do arquivo. Retornando o original.
Tempo de execução: 0.0962 segundos
Taxa de compressão: 1.0000
","Tempo de execução: 0.0001 segundos
Taxa de descompressão: 1.0000
"
binary_pattern.bin,12,True,0.09763336181640625,True,0.06907010078430176,False,256,32,224.0,.bin,0.0,0.0,9.226467952799393e-05,"Tempo de execução: 0.0215 segundos
Taxa de compressão: 16.0000
","Tempo de execução: 0.0001 segundos
Taxa de descompressão: 8.0000
"
json_data.txt,12,True,0.11492657661437988,True,0.07554483413696289,True,47,82,-35.0,.txt,0.0,0.0,7.908372958236042e-05,"Tempo de execução: 0.0259 segundos
Taxa de compressão: 1.1463
","Tempo de execução: 0.0001 segundos
Taxa de descompressão: 1.1463
"
mixed_case_text.txt,12,True,0.12134099006652832,True,0.07282805442810059,True,810,388,422.0,.txt,0.0,0.0,0.00010544458640507692,"Tempo de execução: 0.0489 segundos
Taxa de compressão: 4.1753
","Tempo de execução: 0.0002 segundos
Taxa de descompressão: 4.1753
"
html_snippet.txt,12,True,0.10181379318237305,True,0.08319592475891113,True,72,108,-36.0,.txt,0.0,0.32586932737830787,8.962754404159118e-05,"Tempo de execução: 0.0213 segundos
Taxa de compressão: 1.3333
","Tempo de execução: 0.0001 segundos
Taxa de descompressão: 1.3333
"
small_image.bmp,12,True,0.3528921604156494,True,0.0768740177154541,False,10000,562,9438.0,.bmp,69.86666666666667,0.0,6.590239223047701e-05,"Tempo de execução: 0.2860 segundos
Taxa de compressão: 35.5872
","Tempo de execução: 0.0002 segundos
Taxa de descompressão: 35.5872
"
html_page.txt,12,True,0.1768791675567627,True,0.07553791999816895,True,2360,902,1458.0,.txt,0.0,0.0,7.38104302467973e-05,"Tempo de execução: 0.1038 segundos
Taxa de compressão: 5.2328
","Tempo de execução: 0.0005 segundos
Taxa de descompressão: 5.2328
"
html_long_text.txt,12,True,0.20357298851013184,True,0.07352471351623535,True,2807,772,2035.0,.txt,0.0,0.0,8.435452837514989e-05,"Tempo de execução: 0.1256 segundos
Taxa de compressão: 7.2720
","Tempo de execução: 0.0002 segundos
Taxa de descompressão: 7.2720
"
small_text.txt,12,True,0.08822488784790039,True,0.08241915702819824,True,47,86,-39.0,.txt,0.0,0.34150167092934103,8.962637453248642e-05,"Tempo de execução: 0.0194 segundos
Taxa de compressão: 1.0930
","Tempo de execução: 0.0001 segundos
Taxa de descompressão: 1.0930
"
long_random_chars.txt,12,True,0.12051701545715332,True,0.06800198554992676,True,620,496,124.0,.txt,23.300970873786415,0.0,6.326545766904273e-05,"Tempo de execução: 0.0458 segundos
Taxa de compressão: 2.5000
","Tempo de execução: 0.0002 segundos
Taxa de descompressão: 2.5000
"
large_image.bmp,12,True,68.98884391784668,True,0.07900881767272949,False,2073600,2536,2071064.0,.bmp,0.0,0.0,0.00010016996998670455,"Tempo de execução: 68.9137 segundos
Taxa de compressão: 1635.3312
","Tempo de execução: 0.0013 segundos
Taxa de descompressão: 63.8801
"
mixed_ascii_binary.bin,12,True,0.09792590141296387,True,0.07417035102844238,False,400,0,,.bin,13.83812010443862,0.0,6.326495735823252e-05,"Tempo de execução: 0.0156 segundos
Taxa de compressão: 0.0000
","Tempo de execução: 0.0000 segundos
Taxa de descompressão: 0.0000
"
random_english_words.txt,12,True,0.17290449142456055,True,0.07618141174316406,True,1850,686,1164.0,.txt,0.0,0.0,6.590089996641426e-05,"Tempo de execução: 0.0955 segundos
Taxa de compressão: 5.3936
","Tempo de execução: 0.0003 segundos
Taxa de descompressão: 5.3936
"
sequential_numbers.txt,12,True,0.10107278823852539,True,0.08177018165588379,True,1000,274,726.0,.txt,68.19221967963382,0.0,6.590065850046794e-05,"Tempo de execução: 0.0384 segundos
Taxa de compressão: 7.2993
","Tempo de execução: 0.0003 segundos
Taxa de descompressão: 7.2993
"
json_nested.txt,12,True,0.09877872467041016,True,0.07266902923583984,True,840,416,424.0,.txt,0.0,0.0,8.171652143312327e-05,"Tempo de execução: 0.0387 segundos
Taxa de compressão: 4.0385
","Tempo de execução: 0.0002 segundos
Taxa de descompressão: 4.0385
"
short_text.txt,12,True,0.13611698150634766,True,0.07797622680664062,True,13,26,-13.0,.txt,17.113402061855663,0.6034284072303654,0.0001107123153928156,"Compressão aumentou o tamanho do arquivo. Retornando o original.
Tempo de execução: 0.0723 segundos
Taxa de compressão: 1.0000
","Tempo de execução: 0.0001 segundos
Taxa de descompressão: 1.0000
"
css_snippet.css,12,True,0.10566902160644531,True,0.06625485420227051,True,1040,440,600.0,.css,0.0,0.0,9.225986398312773e-05,"Tempo de execução: 0.0484 segundos
Taxa de compressão: 4.7273
","Tempo de execução: 0.0002 segundos
Taxa de descompressão: 4.7273
"
long_numbers.txt,12,True,0.15061116218566895,True,0.06666040420532227,True,2000,390,1610.0,.txt,0.0,0.0797872604028216,6.589965096381666e-05,"Tempo de execução: 0.0733 segundos
Taxa de compressão: 10.2564
","Tempo de execução: 0.0002 segundos
Taxa de descompressão: 10.2564
"
empty_string.txt,12,True,0.1568925380706787,True,0.07435321807861328,True,0,0,,.txt,6.352459016393454,3.069357552361494,9.489517470425721e-05,"Compressão aumentou o tamanho do arquivo. Retornando o original.
Tempo de execução: 0.0782 segundos
Taxa de compressão: 0.0000
","Tempo de execução: 0.0000 segundos
Taxa de descompressão: 0.0000
"
numeric_sequence.txt,12,True,0.09682369232177734,True,0.0786890983581543,True,40,48,-8.0,.txt,0.0,0.0,5.008346277272488e-05,"Tempo de execução: 0.0180 segundos
Taxa de compressão: 1.6667
","Tempo de execução: 0.0001 segundos
Taxa de descompressão: 1.6667
"
repeated_text.txt,12,True,0.20002245903015137,True,0.07813715934753418,True,2850,1070,1780.0,.txt,0.0,0.0,8.171486068565199e-05,"Tempo de execução: 0.1325 segundos
Taxa de compressão: 5.3271
","Tempo de execução: 0.0005 segundos
Taxa de descompressão: 5.3271
"
code_snippet.py,12,True,0.15609502792358398,True,0.0675809383392334,True,1410,676,734.0,.py,7.263922518159793,0.06303783448346287,6.853479514185305e-05,"Tempo de execução: 0.0742 segundos
Taxa de compressão: 4.1716
","Tempo de execução: 0.0003 segundos
Taxa de descompressão: 4.1716
"
xml_snippet.xml,12,True,0.14192962646484375,True,0.07615804672241211,True,960,410,550.0,.xml,0.0,0.0,7.644237200680337e-05,"Tempo de execução: 0.0594 segundos
Taxa de compressão: 4.6829
","Tempo de execução: 0.0003 segundos
Taxa de descompressão: 4.6829
"
large_text_file.txt,12,True,0.17653465270996094,True,0.07711625099182129,True,2000,886,1114.0,.txt,0.0,0.0,9.225771417489959e-05,"Tempo de execução: 0.1032 segundos
Taxa de compressão: 4.5147
","Tempo de execução: 0.0007 segundos
Taxa de descompressão: 4.5147
"
small_text_file.txt,12,True,0.09264588356018066,True,0.08255672454833984,True,47,86,-39.0,.txt,51.20772946859903,0.0,9.225733237554407e-05,"Tempo de execução: 0.0221 segundos
Taxa de compressão: 1.0930
","Tempo de execução: 0.0001 segundos
Taxa de descompressão: 1.0930
"
binary_file.bin,12,True,0.16589736938476562,True,0.06712937355041504,False,5000,118,4882.0,.bin,34.29394812680112,0.0,6.589780447230475e-05,"Tempo de execução: 0.0898 segundos
Taxa de compressão: 84.7458
","Tempo de execução: 0.0001 segundos
Taxa de descompressão: 3.3898
"
large_text.txt,12,True,2.0947723388671875,True,0.07176089286804199,True,57000,5028,51972.0,.txt,0.0,0.02958761397168693,9.225659310424668e-05,"Tempo de execução: 2.0172 segundos
Taxa de compressão: 22.6730
","Tempo de execução: 0.0023 segundos
Taxa de descompressão: 22.6730
"
source_code.py,12,True,0.1948835849761963,True,0.07956647872924805,True,3100,1022,2078.0,.py,61.32723112128144,0.2350092720044711,6.58972660041461e-05,"Tempo de execução: 0.1185 segundos
Taxa de compressão: 6.0665
","Tempo de execução: 0.0006 segundos
Taxa de descompressão: 6.0665
"
html_with_comments.txt,12,True,0.14189648628234863,True,0.0798189640045166,True,1320,622,698.0,.txt,20.734908136482936,0.0,0.0001291581511247896,"Tempo de execução: 0.0658 segundos
Taxa de compressão: 4.2444
","Tempo de execução: 0.0003 segundos
Taxa de descompressão: 4.2444
"
yaml_data.yaml,12,True,0.11482119560241699,True,0.0686948299407959,True,680,390,290.0,.yaml,0.0,0.05906657097882168,6.85326490330755e-05,"Tempo de execução: 0.0482 segundos
Taxa de compressão: 3.4872
","Tempo de execução: 0.0001 segundos
Taxa de descompressão: 3.4872
"
long_text_with_numbers.txt,12,True,0.128753662109375,True,0.0749199390411377,True,930,436,494.0,.txt,0.0,0.0,8.171168585177974e-05,"Tempo de execução: 0.0489 segundos
Taxa de compressão: 4.2661
","Tempo de execução: 0.0002 segundos
Taxa de descompressão: 4.2661
"
symbols_and_numbers.txt,12,True,0.10754537582397461,True,0.06769394874572754,True,1000,380,620.0,.txt,11.442786069651726,0.1072755266991941,7.380380570905649e-05,"Tempo de execução: 0.0392 segundos
Taxa de compressão: 5.2632
","Tempo de execução: 0.0002 segundos
Taxa de descompressão: 5.2632
"
mixed_data.txt,13,True,0.12382674217224121,True,0.07685518264770508,False,660,404,256.0,.txt,10.723860589812338,0.16568552137619696,5.5352652937996254e-05,"Tempo de execução: 0.0427 segundos
Taxa de compressão: 3.0446
","Tempo de execução: 0.0002 segundos
Taxa de descompressão: 3.0990
"
hex_values.txt,13,True,0.09542226791381836,True,0.0757448673248291,True,220,176,44.0,.txt,0.0,0.0,5.5352473480629956e-05,"Tempo de execução: 0.0236 segundos
Taxa de compressão: 2.5000
","Tempo de execução: 0.0001 segundos
Taxa de descompressão: 2.5000
"
sql_query.sql,13,True,0.1413288116455078,True,0.06443333625793457,True,1700,646,1054.0,.sql,0.0,1.4628278083709927,5.271649134215976e-05,"Tempo de execução: 0.0767 segundos
Taxa de compressão: 5.2632
","Tempo de execução: 0.0003 segundos
Taxa de descompressão: 5.2632
"
csv_data.csv,13,True,0.11536169052124023,True,0.07624650001525879,True,640,370,270.0,.csv,0.0,0.0,4.744471340032439e-05,"Tempo de execução: 0.0394 segundos
Taxa de compressão: 3.4595
","Tempo de execução: 0.0002 segundos
Taxa de descompressão: 3.4595
"
json_array.txt,13,True,0.11564421653747559,True,0.0673668384552002,True,540,348,192.0,.txt,0.0,0.0,4.744457709011022e-05,"Tempo de execução: 0.0375 segundos
Taxa de compressão: 3.1034
","Tempo de execução: 0.0001 segundos
Taxa de descompressão: 3.1034
"
alpha_numeric.txt,13,True,0.10208630561828613,True,0.07315397262573242,True,406,240,166.0,.txt,31.988472622478405,0.1731633559251857,7.643826167268267e-05,"Tempo de execução: 0.0301 segundos
Taxa de compressão: 3.3583
","Tempo de execução: 0.0002 segundos
Taxa de descompressão: 3.3583
"
repeating_words.txt,13,True,0.17997479438781738,True,0.07884764671325684,True,2600,502,2098.0,.txt,8.587257617728516,0.0,5.798747712987081e-05,"Tempo de execução: 0.1120 segundos
Taxa de compressão: 10.3586
","Tempo de execução: 0.0003 segundos
Taxa de descompressão: 10.3586
"
special_characters.txt,13,True,0.17089247703552246,True,0.07663178443908691,True,11,22,-11.0,.txt,0.0,0.26201565247667874,4.744416566311274e-05,"Compressão aumentou o tamanho do arquivo. Retornando o original.
Tempo de execução: 0.0980 segundos
Taxa de compressão: 1.0000
","Tempo de execução: 0.0000 segundos
Taxa de descompressão: 1.0000
"
binary_pattern.bin,13,True,0.09467411041259766,True,0.08173823356628418,False,256,32,224.0,.bin,0.0,0.03617704458967409,4.7444035608646486e-05,"Tempo de execução: 0.0213 segundos
Taxa de compressão: 16.0000
","Tempo de execução: 0.0001 segundos
Taxa de descompressão: 8.0000
"
json_data.txt,13,True,0.08927226066589355,True,0.08275628089904785,True,47,82,-35.0,.txt,0.0,0.16230240489313869,6.853009663929724e-05,"Tempo de execução: 0.0194 segundos
Taxa de compressão: 1.1463
","Tempo de execução: 0.0001 segundos
Taxa de descompressão: 1.1463
"
mixed_case_text.txt,13,True,0.11705136299133301,True,0.07420611381530762,True,810,388,422.0,.txt,8.81458966565348,0.24147843782101105,5.5351053911742006e-05,"Tempo de execução: 0.0472 segundos
Taxa de compressão: 4.1753
","Tempo de execução: 0.0002 segundos
Taxa de descompressão: 4.1753
"
html_snippet.txt,13,True,0.10461759567260742,True,0.08075189590454102,True,72,108,-36.0,.txt,5.630630630630635,0.0,4.744362794253617e-05,"Tempo de execução: 0.0250 segundos
Taxa de compressão: 1.3333
","Tempo de execução: 0.0001 segundos
Taxa de descompressão: 1.3333
"
small_image.bmp,13,True,0.35001587867736816,True,0.0717918872833252,False,10000,562,9438.0,.bmp,0.0,0.0,4.744349789101791e-05,"Tempo de execução: 0.2814 segundos
Taxa de compressão: 35.5872
","Tempo de execução: 0.0003 segundos
Taxa de descompressão: 35.5872
"
html_page.txt,13,True,0.1737973690032959,True,0.07695937156677246,True,2360,902,1458.0,.txt,0.0,0.0,5.271482675667548e-05,"Tempo de execução: 0.1039 segundos
Taxa de compressão: 5.2328
","Tempo de execução: 0.0004 segundos
Taxa de descompressão: 5.2328
"
html_long_text.txt,13,True,0.1898648738861084,True,0.06934618949890137,True,2807,772,2035.0,.txt,27.596439169139476,0.8203650260676737,5.2714646131851985e-05,"Tempo de execução: 0.1193 segundos
Taxa de compressão: 7.2720
","Tempo de execução: 0.0004 segundos
Taxa de descompressão: 7.2720
"
small_text.txt,13,True,0.08964920043945312,True,0.07451033592224121,True,47,86,-39.0,.txt,0.7594936708860733,0.0,5.535019316031337e-05,"Tempo de execução: 0.0192 segundos
Taxa de compressão: 1.0930
","Tempo de execução: 0.0001 segundos
Taxa de descompressão: 1.0930
"
long_random_chars.txt,13,True,0.12799715995788574,True,0.08132743835449219,True,620,496,124.0,.txt,0.0,0.0,6.325717187411128e-05,"Tempo de execução: 0.0446 segundos
Taxa de compressão: 2.5000
","Tempo de execução: 0.0004 segundos
Taxa de descompressão: 2.5000
"
large_image.bmp,13,True,74.61772680282593,True,0.08600378036499023,False,2073600,2536,2071064.0,.bmp,16.080402010050264,0.04023760848905321,0.00012387826256466907,"Tempo de execução: 74.5395 segundos
Taxa de compressão: 1635.3312
","Tempo de execução: 0.0013 segundos
Taxa de descompressão: 63.8801
"
mixed_ascii_binary.bin,13,True,0.08360624313354492,True,0.06472277641296387,False,400,0,,.bin,0.0,0.0,5.534964462760667e-05,"Tempo de execução: 0.0166 segundos
Taxa de compressão: 0.0000
","Tempo de execução: 0.0000 segundos
Taxa de descompressão: 0.0000
"
random_english_words.txt,13,True,0.16373252868652344,True,0.07639169692993164,True,1850,686,1164.0,.txt,0.0,0.0,5.00781944649626e-05,"Tempo de execução: 0.0849 segundos
Taxa de compressão: 5.3936
","Tempo de execução: 0.0002 segundos
Taxa de descompressão: 5.3936
"
sequential_numbers.txt,13,True,0.12523603439331055,True,0.07012724876403809,True,1000,274,726.0,.txt,21.445221445221456,3.560766977162716,4.744236247150987e-05,"Tempo de execução: 0.0382 segundos
Taxa de compressão: 7.2993
","Tempo de execução: 0.0002 segundos
Taxa de descompressão: 7.2993
"
json_nested.txt,13,True,0.12116789817810059,True,0.07012677192687988,True,840,416,424.0,.txt,4.807692307692322,0.0,7.643468765320708e-05,"Tempo de execução: 0.0468 segundos
Taxa de compressão: 4.0385
","Tempo de execução: 0.0003 segundos
Taxa de descompressão: 4.0385
"
short_text.txt,13,True,0.1651468276977539,True,0.07600760459899902,True,13,26,-13.0,.txt,38.419618528610364,0.0,5.2713412358469766e-05,"Compressão aumentou o tamanho do arquivo. Retornando o original.
Tempo de execução: 0.0996 segundos
Taxa de compressão: 1.0000
","Tempo de execução: 0.0001 segundos
Taxa de descompressão: 1.0000
"
css_snippet.css,13,True,0.12354254722595215,True,0.07952547073364258,True,1040,440,600.0,.css,0.0,0.10702040002329966,4.7441937328410095e-05,"Tempo de execução: 0.0599 segundos
Taxa de compressão: 4.7273
","Tempo de execução: 0.0005 segundos
Taxa de descompressão: 4.7273
"
long_numbers.txt,13,True,0.13999581336975098,True,0.07913804054260254,True,2000,390,1610.0,.txt,0.0,0.0,4.744180103414692e-05,"Tempo de execução: 0.0620 segundos
Taxa de compressão: 10.2564
","Tempo de execução: 0.0002 segundos
Taxa de descompressão: 10.2564
"
empty_string.txt,13,True,0.1643671989440918,True,0.07856392860412598,True,0,0,,.txt,0.0,0.1890029079660013,6.852682739634033e-05,"Compressão aumentou o tamanho do arquivo. Retornando o original.
Tempo de execução: 0.0946 segundos
Taxa de compressão: 0.0000
","Tempo de execução: 0.0005 segundos
Taxa de descompressão: 0.0000
"
numeric_sequence.txt,13,True,0.09126091003417969,True,0.08298945426940918,True,40,48,-8.0,.txt,13.239436619718306,0.0,5.5348524254158205e-05,"Tempo de execução: 0.0166 segundos
Taxa de compressão: 1.6667
","Tempo de execução: 0.0001 segundos
Taxa de descompressão: 1.6667
"
repeated_text.txt,13,True,0.20233511924743652,True,0.08301043510437012,True,2850,1070,1780.0,.txt,3.661971830985902,0.13467780240658644,4.744145467518536e-05,"Tempo de execução: 0.1315 segundos
Taxa de compressão: 5.3271
","Tempo de execução: 0.0004 segundos
Taxa de descompressão: 5.3271
"
code_snippet.py,13,True,0.15274548530578613,True,0.07213354110717773,True,1410,676,734.0,.py,0.0,0.10313461938178616,4.744131088143425e-05,"Tempo de execução: 0.0725 segundos
Taxa de compressão: 4.1716
","Tempo de execução: 0.0004 segundos
Taxa de descompressão: 4.1716
"
xml_snippet.xml,13,True,0.13628029823303223,True,0.07575488090515137,True,960,410,550.0,.xml,0.0,0.10941354340733667,6.325486944550756e-05,"Tempo de execução: 0.0604 segundos
Taxa de compressão: 4.6829
","Tempo de execução: 0.0002 segundos
Taxa de descompressão: 4.6829
"
large_text_file.txt,13,True,0.17907357215881348,True,0.07187104225158691,True,2000,886,1114.0,.txt,26.054590570719622,0.02372088360787692,5.271222865721396e-05,"Tempo de execução: 0.1029 segundos
Taxa de compressão: 4.5147
","Tempo de execução: 0.0005 segundos
Taxa de descompressão: 4.5147
"
small_text_file.txt,13,True,0.09923100471496582,True,0.08088254928588867,True,47,86,-39.0,.txt,30.674846625766893,0.026967620018302288,5.798324979879812e-05,"Tempo de execução: 0.0208 segundos
Taxa de compressão: 1.0930
","Tempo de execução: 0.0001 segundos
Taxa de descompressão: 1.0930
"
binary_file.bin,13,True,0.1733710765838623,True,0.07670164108276367,False,5000,118,4882.0,.bin,0.0,0.0,5.798308322462165e-05,"Tempo de execução: 0.0959 segundos
Taxa de compressão: 84.7458
","Tempo de execução: 0.0002 segundos
Taxa de descompressão: 3.3898
"
large_text.txt,13,True,2.006078004837036,True,0.08115530014038086,True,57000,5028,51972.0,.txt,0.0,0.1959266270127278,6.588967974953698e-05,"Tempo de execução: 1.9291 segundos
Taxa de compressão: 22.6730
","Tempo de execução: 0.0019 segundos
Taxa de descompressão: 22.6730
"
source_code.py,13,True,0.18479228019714355,True,0.07458853721618652,True,3100,1022,2078.0,.py,7.258064516129006,0.0,5.2711510404316526e-05,"Tempo de execução: 0.1177 segundos
Taxa de compressão: 6.0665
","Tempo de execução: 0.0006 segundos
Taxa de descompressão: 6.0665
"
html_with_comments.txt,13,True,0.12863612174987793,True,0.07868051528930664,True,1320,622,698.0,.txt,0.0,0.0,4.744018306850378e-05,"Tempo de execução: 0.0678 segundos
Taxa de compressão: 4.2444
","Tempo de execução: 0.0003 segundos
Taxa de descompressão: 4.2444
"
yaml_data.yaml,13,True,0.13122200965881348,True,0.07421302795410156,True,680,390,290.0,.yaml,0.0,0.0,4.744005428618123e-05,"Tempo de execução: 0.0513 segundos
Taxa de compressão: 3.4872
","Tempo de execução: 0.0002 segundos
Taxa de descompressão: 3.4872
"
long_text_with_numbers.txt,13,True,0.1246037483215332,True,0.07615280151367188,True,930,436,494.0,.txt,0.0,0.2746463543007551,7.643099109067657e-05,"Tempo de execução: 0.0468 segundos
Taxa de compressão: 4.2661
","Tempo de execução: 0.0002 segundos
Taxa de descompressão: 4.2661
"
symbols_and_numbers.txt,13,True,0.11503434181213379,True,0.0697324275970459,True,1000,380,620.0,.txt,0.0,2.1501391087210844,3.6897596335077716e-05,"Tempo de execução: 0.0396 segundos
Taxa de compressão: 5.2632
","Tempo de execução: 0.0003 segundos
Taxa de descompressão: 5.2632
"
mixed_data.txt,14,True,0.10674548149108887,True,0.07450509071350098,False,660,404,256.0,.txt,0.0,0.0,5.007516149964356e-05,"Tempo de execução: 0.0411 segundos
Taxa de compressão: 3.0446
","Tempo de execução: 0.0002 segundos
Taxa de descompressão: 3.0990
"
hex_values.txt,14,True,0.09297990798950195,True,0.07416963577270508,True,220,176,44.0,.txt,0.0,0.0,4.743949040288567e-05,"Tempo de execução: 0.0256 segundos
Taxa de compressão: 2.5000
","Tempo de execução: 0.0002 segundos
Taxa de descompressão: 2.5000
"
sql_query.sql,14,True,0.14912748336791992,True,0.06262993812561035,True,1700,646,1054.0,.sql,0.0,0.0,7.906561520994728e-05,"Tempo de execução: 0.0743 segundos
Taxa de compressão: 5.2632
","Tempo de execução: 0.0003 segundos
Taxa de descompressão: 5.2632
"
csv_data.csv,14,True,0.11116671562194824,True,0.08003973960876465,True,640,370,270.0,.csv,0.0,0.0,5.5345764360980576e-05,"Tempo de execução: 0.0379 segundos
Taxa de compressão: 3.4595
","Tempo de execução: 0.0002 segundos
Taxa de descompressão: 3.4595
"
json_array.txt,14,True,0.11019468307495117,True,0.0735161304473877,True,540,348,192.0,.txt,3.8567493112947817,0.0007820434992145351,4.743909531747666e-05,"Tempo de execução: 0.0372 segundos
Taxa de compressão: 3.1034
","Tempo de execução: 0.0001 segundos
Taxa de descompressão: 3.1034
"
alpha_numeric.txt,14,True,0.10687732696533203,True,0.07761216163635254,True,406,240,166.0,.txt,0.0,0.0,4.743894903752302e-05,"Tempo de execução: 0.0311 segundos
Taxa de compressão: 3.3583
","Tempo de execução: 0.0002 segundos
Taxa de descompressão: 3.3583
"
repeating_words.txt,14,True,0.17196059226989746,True,0.08000802993774414,True,2600,502,2098.0,.txt,0.0,0.0,5.2709786399388696e-05,"Tempo de execução: 0.1064 segundos
Taxa de compressão: 10.3586
","Tempo de execução: 0.0003 segundos
Taxa de descompressão: 10.3586
"
special_characters.txt,14,True,0.19225049018859863,True,0.06384611129760742,True,11,22,-11.0,.txt,0.0,0.2056340349647364,7.115797909441826e-05,"Compressão aumentou o tamanho do arquivo. Retornando o original.
Tempo de execução: 0.1136 segundos
Taxa de compressão: 1.0000
","Tempo de execução: 0.0001 segundos
Taxa de descompressão: 1.0000
"
binary_pattern.bin,14,True,0.08708047866821289,True,0.06799507141113281,False,256,32,224.0,.bin,0.0,0.0,5.7980401359313606e-05,"Tempo de execução: 0.0198 segundos
Taxa de compressão: 16.0000
","Tempo de execução: 0.0001 segundos
Taxa de descompressão: 8.0000
"
json_data.txt,14,True,0.0951535701751709,True,0.07122492790222168,True,47,82,-35.0,.txt,96.92737430167601,0.6514275945285648,5.5344756455926304e-05,"Tempo de execução: 0.0200 segundos
Taxa de compressão: 1.1463
","Tempo de execução: 0.0001 segundos
Taxa de descompressão: 1.1463
"
mixed_case_text.txt,14,True,0.12427020072937012,True,0.07339024543762207,True,810,388,422.0,.txt,0.0,0.0,5.5344587259834136e-05,"Tempo de execução: 0.0474 segundos
Taxa de compressão: 4.1753
","Tempo de execução: 0.0002 segundos
Taxa de descompressão: 4.1753
"
html_snippet.txt,14,True,0.1055443286895752,True,0.0795896053314209,True,72,108,-36.0,.txt,0.0,0.0,5.5344416606202895e-05,"Tempo de execução: 0.0228 segundos
Taxa de compressão: 1.3333
","Tempo de execução: 0.0001 segundos
Taxa de descompressão: 1.3333
"
small_image.bmp,14,True,0.34967780113220215,True,0.06188178062438965,False,10000,562,9438.0,.bmp,2.0942408376963275,0.0,4.4802494265544274e-05,"Tempo de execução: 0.2810 segundos
Taxa de compressão: 35.5872
","Tempo de execução: 0.0003 segundos
Taxa de descompressão: 35.5872
"
html_page.txt,14,True,0.17234325408935547,True,0.078338623046875,True,2360,902,1458.0,.txt,35.23035230352304,0.0,4.743778758170434e-05,"Tempo de execução: 0.1031 segundos
Taxa de compressão: 5.2328
","Tempo de execução: 0.0003 segundos
Taxa de descompressão: 5.2328
"
html_long_text.txt,14,True,0.1912691593170166,True,0.06518149375915527,True,2807,772,2035.0,.txt,0.0,0.050358388893412105,7.90627313490819e-05,"Tempo de execução: 0.1180 segundos
Taxa de compressão: 7.2720
","Tempo de execução: 0.0002 segundos
Taxa de descompressão: 7.2720
"
small_text.txt,14,True,0.09491205215454102,True,0.07399463653564453,True,47,86,-39.0,.txt,0.0,0.0,5.5343687329039064e-05,"Tempo de execução: 0.0202 segundos
Taxa de compressão: 1.0930
","Tempo de execução: 0.0001 segundos
Taxa de descompressão: 1.0930
"
long_random_chars.txt,14,True,0.13187670707702637,True,0.0749361515045166,True,620,496,124.0,.txt,0.0,0.0,4.743730126241464e-05,"Tempo de execução: 0.0538 segundos
Taxa de compressão: 2.5000
","Tempo de execução: 0.0002 segundos
Taxa de descompressão: 2.5000
"
large_image.bmp,14,True,67.95134782791138,True,0.08411097526550293,False,2073600,2536,2071064.0,.bmp,0.0,0.0,4.216636888425574e-05,"Tempo de execução: 67.8728 segundos
Taxa de compressão: 1635.3312
","Tempo de execução: 0.0020 segundos
Taxa de descompressão: 63.8801
"
mixed_ascii_binary.bin,14,True,0.09161853790283203,True,0.06803631782531738,False,400,0,,.bin,10.73298429319372,0.0,7.906172288091326e-05,"Tempo de execução: 0.0162 segundos
Taxa de compressão: 0.0000
","Tempo de execução: 0.0000 segundos
Taxa de descompressão: 0.0000
"
random_english_words.txt,14,True,0.17158722877502441,True,0.1021733283996582,True,1850,686,1164.0,.txt,0.0,0.0,5.007236378953236e-05,"Tempo de execução: 0.0937 segundos
Taxa de compressão: 5.3936
","Tempo de execução: 0.0005 segundos
Taxa de descompressão: 5.3936
"
sequential_numbers.txt,14,True,0.11758852005004883,True,0.07277154922485352,True,1000,274,726.0,.txt,0.0,0.0,5.007222127304617e-05,"Tempo de execução: 0.0393 segundos
Taxa de compressão: 7.2993
","Tempo de execução: 0.0002 segundos
Taxa de descompressão: 7.2993
"
json_nested.txt,14,True,0.12275314331054688,True,0.0662379264831543,True,840,416,424.0,.txt,7.71276595744681,0.0,4.743670494105989e-05,"Tempo de execução: 0.0459 segundos
Taxa de compressão: 4.0385
","Tempo de execução: 0.0003 segundos
Taxa de descompressão: 4.0385
"
short_text.txt,14,True,0.18486714363098145,True,0.06933879852294922,True,13,26,-13.0,.txt,40.957446808510625,0.0,5.534264449608703e-05,"Compressão aumentou o tamanho do arquivo. Retornando o original.
Tempo de execução: 0.1201 segundos
Taxa de compressão: 1.0000
","Tempo de execução: 0.0000 segundos
Taxa de descompressão: 1.0000
"
css_snippet.css,14,True,0.1302046775817871,True,0.06777191162109375,True,1040,440,600.0,.css,0.0,0.19102952700893686,6.324854321475162e-05,"Tempo de execução: 0.0567 segundos
Taxa de compressão: 4.7273
","Tempo de execução: 0.0004 segundos
Taxa de descompressão: 4.7273
"
long_numbers.txt,14,True,0.14052677154541016,True,0.07451367378234863,True,2000,390,1610.0,.txt,0.0,0.0,5.534231050614997e-05,"Tempo de execução: 0.0638 segundos
Taxa de compressão: 10.2564
","Tempo de execução: 0.0002 segundos
Taxa de descompressão: 10.2564
"
empty_string.txt,14,True,0.18195772171020508,True,0.07506704330444336,True,0,0,,.txt,0.0,0.05020864590917442,5.5342145700373824e-05,"Compressão aumentou o tamanho do arquivo. Retornando o original.
Tempo de execução: 0.1102 segundos
Taxa de compressão: 0.0000
","Tempo de execução: 0.0000 segundos
Taxa de descompressão: 0.0000
"
numeric_sequence.txt,14,True,0.09615278244018555,True,0.06983828544616699,True,40,48,-8.0,.txt,19.526627218934923,0.0,5.5342084445379806e-05,"Tempo de execução: 0.0162 segundos
Taxa de compressão: 1.6667
","Tempo de execução: 0.0001 segundos
Taxa de descompressão: 1.6667
"
repeated_text.txt,14,True,0.19627022743225098,True,0.08170223236083984,True,2850,1070,1780.0,.txt,6.741573033707872,0.2124873667597668,5.797723081296912e-05,"Tempo de execução: 0.1256 segundos
Taxa de compressão: 5.3271
","Tempo de execução: 0.0005 segundos
Taxa de descompressão: 5.3271
"
code_snippet.py,14,True,0.1387021541595459,True,0.19450736045837402,True,1410,676,734.0,.py,0.0,0.1981703444138047,5.007108117036146e-05,"Tempo de execução: 0.0760 segundos
Taxa de compressão: 4.1716
","Tempo de execução: 0.0004 segundos
Taxa de descompressão: 4.1716
"
xml_snippet.xml,14,True,0.13525176048278809,True,0.08075261116027832,True,960,410,550.0,.xml,0.0,0.0,0.0,"Tempo de execução: 0.0591 segundos
Taxa de compressão: 4.6829
","Tempo de execução: 0.0002 segundos
Taxa de descompressão: 4.6829
"
large_text_file.txt,14,True,0.16907238960266113,True,0.06043124198913574,True,2000,886,1114.0,.txt,0.0,0.0,0.00010804751318238956,"Tempo de execução: 0.1008 segundos
Taxa de compressão: 4.5147
","Tempo de execução: 0.0005 segundos
Taxa de descompressão: 4.5147
"
small_text_file.txt,14,True,0.09497952461242676,True,0.07998943328857422,True,47,86,-39.0,.txt,30.17543859649119,0.0,5.534120209682017e-05,"Tempo de execução: 0.0205 segundos
Taxa de compressão: 1.0930
","Tempo de execução: 0.0001 segundos
Taxa de descompressão: 1.0930
"
binary_file.bin,14,True,0.15734243392944336,True,0.07133674621582031,False,5000,118,4882.0,.bin,0.0,0.0,4.743517857671326e-05,"Tempo de execução: 0.0915 segundos
Taxa de compressão: 84.7458
","Tempo de execução: 0.0001 segundos
Taxa de descompressão: 3.3898
"
large_text.txt,14,True,2.05222487449646,True,0.08172321319580078,True,57000,5028,51972.0,.txt,0.0,0.0,5.5340895833650115e-05,"Tempo de execução: 1.9759 segundos
Taxa de compressão: 22.6730
","Tempo de execução: 0.0026 segundos
Taxa de descompressão: 22.6730
"
source_code.py,14,True,0.18247365951538086,True,0.07331132888793945,True,3100,1022,2078.0,.py,20.152091254752865,0.0,8.169338475167676e-05,"Tempo de execução: 0.1151 segundos
Taxa de compressão: 6.0665
","Tempo de execução: 0.0004 segundos
Taxa de descompressão: 6.0665
"
html_with_comments.txt,14,True,0.1441636085510254,True,0.07548093795776367,True,1320,622,698.0,.txt,0.0,0.38918220921184127,5.270521506771474e-05,"Tempo de execução: 0.0735 segundos
Taxa de compressão: 4.2444
","Tempo de execução: 0.0003 segundos
Taxa de descompressão: 4.2444
"
yaml_data.yaml,14,True,0.12053632736206055,True,0.07350277900695801,True,680,390,290.0,.yaml,0.0,2.35887926470776,4.7434558558318304e-05,"Tempo de execução: 0.0446 segundos
Taxa de compressão: 3.4872
","Tempo de execução: 0.0003 segundos
Taxa de descompressão: 3.4872
"
long_text_with_numbers.txt,14,True,0.12311482429504395,True,0.07587122917175293,True,930,436,494.0,.txt,0.0,0.0,5.0069677226352814e-05,"Tempo de execução: 0.0491 segundos
Taxa de compressão: 4.2661
","Tempo de execução: 0.0002 segundos
Taxa de descompressão: 4.2661
"
symbols_and_numbers.txt,14,True,0.10920500755310059,True,0.0778341293334961,True,1000,380,620.0,.txt,27.08333333333335,0.0,5.270476645042253e-05,"Tempo de execução: 0.0384 segundos
Taxa de compressão: 5.2632
","Tempo de execução: 0.0002 segundos
Taxa de descompressão: 5.2632
"
mixed_data.txt,15,True,0.113616943359375,True,0.07497930526733398,False,660,404,256.0,.txt,86.01398601398598,0.0,5.27045983945178e-05,"Tempo de execução: 0.0415 segundos
Taxa de compressão: 3.0446
","Tempo de execução: 0.0002 segundos
Taxa de descompressão: 3.0990
"
hex_values.txt,15,True,0.09888386726379395,True,0.08015632629394531,True,220,176,44.0,.txt,0.0,0.019940935920531967,5.270444145071504e-05,"Tempo de execução: 0.0262 segundos
Taxa de compressão: 2.5000
","Tempo de execução: 0.0001 segundos
Taxa de descompressão: 2.5000
"
sql_query.sql,15,True,0.14842438697814941,True,0.07922244071960449,True,1700,646,1054.0,.sql,0.0,0.22689570289506072,5.533951477470177e-05,"Tempo de execução: 0.0749 segundos
Taxa de compressão: 5.2632
","Tempo de execução: 0.0003 segundos
Taxa de descompressão: 5.2632
"
csv_data.csv,15,True,0.12215566635131836,True,0.07643771171569824,True,640,370,270.0,.csv,0.0,0.0,5.533935727710967e-05,"Tempo de execução: 0.0433 segundos
Taxa de compressão: 3.4595
","Tempo de execução: 0.0003 segundos
Taxa de descompressão: 3.4595
"
json_array.txt,15,True,0.11685729026794434,True,0.07192492485046387,True,540,348,192.0,.txt,12.461059190031124,0.0,5.2703980346896544e-05,"Tempo de execução: 0.0378 segundos
Taxa de compressão: 3.1034
","Tempo de execução: 0.0002 segundos
Taxa de descompressão: 3.1034
"
alpha_numeric.txt,15,True,0.10548543930053711,True,0.07459831237792969,True,406,240,166.0,.txt,5.177993527508107,0.0,4.743344231605904e-05,"Tempo de execução: 0.0292 segundos
Taxa de compressão: 3.3583
","Tempo de execução: 0.0002 segundos
Taxa de descompressão: 3.3583
"
repeating_words.txt,15,True,0.18073534965515137,True,0.06945657730102539,True,2600,502,2098.0,.txt,0.0,0.03108001574720798,1.581110119023071e-05,"Tempo de execução: 0.1055 segundos
Taxa de compressão: 10.3586
","Tempo de execução: 0.0003 segundos
Taxa de descompressão: 10.3586
"
special_characters.txt,15,True,0.20170378684997559,True,0.06969118118286133,True,11,22,-11.0,.txt,0.0,0.17556176278747865,8.696082280538618e-05,"Compressão aumentou o tamanho do arquivo. Retornando o original.
Tempo de execução: 0.1258 segundos
Taxa de compressão: 1.0000
","Tempo de execução: 0.0001 segundos
Taxa de descompressão: 1.0000
"
binary_pattern.bin,15,True,0.09491419792175293,True,0.07544374465942383,False,256,32,224.0,.bin,14.093959731543626,0.0,5.27033664802373e-05,"Tempo de execução: 0.0217 segundos
Taxa de compressão: 16.0000
","Tempo de execução: 0.0001 segundos
Taxa de descompressão: 8.0000
"
json_data.txt,15,True,0.1022500991821289,True,0.06854248046875,True,47,82,-35.0,.txt,81.08108108108104,0.09460050207971735,5.0068063579694734e-05,"Tempo de execução: 0.0207 segundos
Taxa de compressão: 1.1463
","Tempo de execução: 0.0001 segundos
Taxa de descompressão: 1.1463
"
mixed_case_text.txt,15,True,0.12148904800415039,True,0.08763551712036133,True,810,388,422.0,.txt,0.0,0.170968426104698,4.743275859674611e-05,"Tempo de execução: 0.0468 segundos
Taxa de compressão: 4.1753
","Tempo de execução: 0.0002 segundos
Taxa de descompressão: 4.1753
"
html_snippet.txt,15,True,0.0930635929107666,True,0.06717872619628906,True,72,108,-36.0,.txt,0.0,0.09767740422546686,6.851379687361531e-05,"Tempo de execução: 0.0210 segundos
Taxa de compressão: 1.3333
","Tempo de execução: 0.0001 segundos
Taxa de descompressão: 1.3333
"
small_image.bmp,15,True,0.39052748680114746,True,0.07664227485656738,False,10000,562,9438.0,.bmp,2.0114942528735713,0.0,5.533789755042053e-05,"Tempo de execução: 0.3154 segundos
Taxa de compressão: 35.5872
","Tempo de execução: 0.0003 segundos
Taxa de descompressão: 35.5872
"
html_page.txt,15,True,0.1750047206878662,True,0.07100605964660645,True,2360,902,1458.0,.txt,9.57095709570959,0.0,6.587823246699594e-05,"Tempo de execução: 0.1005 segundos
Taxa de compressão: 5.2328
","Tempo de execução: 0.0003 segundos
Taxa de descompressão: 5.2328
"
html_long_text.txt,15,True,0.18728208541870117,True,0.06929397583007812,True,2807,772,2035.0,.txt,4.716981132075472,0.0,4.7432182387914195e-05,"Tempo de execução: 0.1143 segundos
Taxa de compressão: 7.2720
","Tempo de execução: 0.0004 segundos
Taxa de descompressão: 7.2720
"
small_text.txt,15,True,0.09817290306091309,True,0.07262849807739258,True,47,86,-39.0,.txt,0.0,0.12415117839332485,6.324268653667555e-05,"Tempo de execução: 0.0208 segundos
Taxa de compressão: 1.0930
","Tempo de execução: 0.0001 segundos
Taxa de descompressão: 1.0930
"
long_random_chars.txt,15,True,0.11854720115661621,True,0.06986880302429199,True,620,496,124.0,.txt,0.0,0.0,5.270206240825394e-05,"Tempo de execução: 0.0443 segundos
Taxa de compressão: 2.5000
","Tempo de execução: 0.0002 segundos
Taxa de descompressão: 2.5000
"
large_image.bmp,15,True,67.25093817710876,True,0.07904243469238281,False,2073600,2536,2071064.0,.bmp,0.0,1.3432685770709678,4.7431717431340614e-05,"Tempo de execução: 67.1784 segundos
Taxa de compressão: 1635.3312
","Tempo de execução: 0.0012 segundos
Taxa de descompressão: 63.8801
"
mixed_ascii_binary.bin,15,True,0.08980107307434082,True,0.06594514846801758,False,400,0,,.bin,48.34834834834834,0.010945029329720487,5.533684618659827e-05,"Tempo de execução: 0.0154 segundos
Taxa de compressão: 0.0000
","Tempo de execução: 0.0000 segundos
Taxa de descompressão: 0.0000
"
random_english_words.txt,15,True,0.16620659828186035,True,0.07217144966125488,True,1850,686,1164.0,.txt,0.0,0.0,5.7971869940636805e-05,"Tempo de execução: 0.0905 segundos
Taxa de compressão: 5.3936
","Tempo de execução: 0.0002 segundos
Taxa de descompressão: 5.3936
"
sequential_numbers.txt,15,True,0.11727547645568848,True,0.06647062301635742,True,1000,274,726.0,.txt,0.0,0.0,5.270152357733093e-05,"Tempo de execução: 0.0390 segundos
Taxa de compressão: 7.2993
","Tempo de execução: 0.0002 segundos
Taxa de descompressão: 7.2993
"
json_nested.txt,15,True,0.12121820449829102,True,0.0796818733215332,True,840,416,424.0,.txt,1.829268292682937,0.0,5.797150026184673e-05,"Tempo de execução: 0.0462 segundos
Taxa de compressão: 4.0385
","Tempo de execução: 0.0002 segundos
Taxa de descompressão: 4.0385
"
short_text.txt,15,True,0.20127511024475098,True,0.06859564781188965,True,13,26,-13.0,.txt,17.966101694915242,0.0,4.743109125423115e-05,"Compressão aumentou o tamanho do arquivo. Retornando o original.
Tempo de execução: 0.1329 segundos
Taxa de compressão: 1.0000
","Tempo de execução: 0.0001 segundos
Taxa de descompressão: 1.0000
"
css_snippet.css,15,True,0.13241815567016602,True,0.06668305397033691,True,1040,440,600.0,.css,0.0,0.0,7.905158545464529e-05,"Tempo de execução: 0.0546 segundos
Taxa de compressão: 4.7273
","Tempo de execução: 0.0003 segundos
Taxa de descompressão: 4.7273
"
long_numbers.txt,15,True,0.14244532585144043,True,0.07050395011901855,True,2000,390,1610.0,.txt,0.0,0.025103338744052957,5.270089171489809e-05,"Tempo de execução: 0.0664 segundos
Taxa de compressão: 10.2564
","Tempo de execução: 0.0002 segundos
Taxa de descompressão: 10.2564
"
empty_string.txt,15,True,0.19980931282043457,True,0.07513093948364258,True,0,0,,.txt,0.0,0.0,4.743066756293061e-05,"Compressão aumentou o tamanho do arquivo. Retornando o original.
Tempo de execução: 0.1287 segundos
Taxa de compressão: 0.0000
","Tempo de execução: 0.0000 segundos
Taxa de descompressão: 0.0000
"
numeric_sequence.txt,15,True,0.09128475189208984,True,0.0720677375793457,True,40,48,-8.0,.txt,19.736842105263158,0.0,4.7430622569608786e-05,"Tempo de execução: 0.0159 segundos
Taxa de compressão: 1.6667
","Tempo de execução: 0.0001 segundos
Taxa de descompressão: 1.6667
"
repeated_text.txt,15,True,0.199692964553833,True,0.06997346878051758,True,2850,1070,1780.0,.txt,170.3488372093023,2.6480864694305226,7.114573888407118e-05,"Tempo de execução: 0.1266 segundos
Taxa de compressão: 5.3271
","Tempo de execução: 0.0007 segundos
Taxa de descompressão: 5.3271
"
code_snippet.py,15,True,0.14406847953796387,True,0.06679224967956543,True,1410,676,734.0,.py,0.0,0.0,5.5335392424769225e-05,"Tempo de execução: 0.0744 segundos
Taxa de compressão: 4.1716
","Tempo de execução: 0.0002 segundos
Taxa de descompressão: 4.1716
"
xml_snippet.xml,15,True,0.13106799125671387,True,0.07482028007507324,True,960,410,550.0,.xml,0.0,0.0,7.641530230657746e-05,"Tempo de execução: 0.0565 segundos
Taxa de compressão: 4.6829
","Tempo de execução: 0.0002 segundos
Taxa de descompressão: 4.6829
"
large_text_file.txt,15,True,0.1728801727294922,True,0.07534050941467285,True,2000,886,1114.0,.txt,0.0,0.13640173215427087,5.006506218331048e-05,"Tempo de execução: 0.1020 segundos
Taxa de compressão: 4.5147
","Tempo de execução: 0.0003 segundos
Taxa de descompressão: 4.5147
"
small_text_file.txt,15,True,0.09512829780578613,True,0.07522892951965332,True,47,86,-39.0,.txt,16.3076923076923,0.07511750031011812,5.533487043063415e-05,"Tempo de execução: 0.0182 segundos
Taxa de compressão: 1.0930
","Tempo de execução: 0.0001 segundos
Taxa de descompressão: 1.0930
"
binary_file.bin,15,True,0.16448473930358887,True,0.06847429275512695,False,5000,118,4882.0,.bin,50.819672131147556,0.0,6.060466805611212e-05,"Tempo de execução: 0.0908 segundos
Taxa de compressão: 84.7458
","Tempo de execução: 0.0001 segundos
Taxa de descompressão: 3.3898
"
large_text.txt,15,True,1.986069917678833,True,0.08287167549133301,True,57000,5028,51972.0,.txt,0.0,0.14349333987479482,5.533454090868117e-05,"Tempo de execução: 1.9083 segundos
Taxa de compressão: 22.6730
","Tempo de execução: 0.0020 segundos
Taxa de descompressão: 22.6730
"
source_code.py,15,True,0.20706844329833984,True,0.07175374031066895,True,3100,1022,2078.0,.py,50.70707070707069,2.9421335694718636,0.00011593853097185869,"Tempo de execução: 0.1303 segundos
Taxa de compressão: 6.0665
","Tempo de execução: 0.0006 segundos
Taxa de descompressão: 6.0665
"
html_with_comments.txt,15,True,0.13833880424499512,True,0.07199478149414062,True,1320,622,698.0,.txt,0.0,0.0,5.796902567400718e-05,"Tempo de execução: 0.0693 segundos
Taxa de compressão: 4.2444
","Tempo de execução: 0.0002 segundos
Taxa de descompressão: 4.2444
"
yaml_data.yaml,15,True,0.1188514232635498,True,0.07213068008422852,True,680,390,290.0,.yaml,0.0,0.0,5.2698951783594703e-05,"Tempo de execução: 0.0468 segundos
Taxa de compressão: 3.4872
","Tempo de execução: 0.0002 segundos
Taxa de descompressão: 3.4872
"
long_text_with_numbers.txt,15,True,0.12306928634643555,True,0.08011317253112793,True,930,436,494.0,.txt,0.0,0.0,5.269880598207334e-05,"Tempo de execução: 0.0506 segundos
Taxa de compressão: 4.2661
","Tempo de execução: 0.0002 segundos
Taxa de descompressão: 4.2661
"
symbols_and_numbers.txt,15,True,0.1207733154296875,True,0.06957578659057617,True,1000,380,620.0,.txt,0.0,0.0,4.742879291350596e-05,"Tempo de execução: 0.0431 segundos
Taxa de compressão: 5.2632
","Tempo de execução: 0.0001 segundos
Taxa de descompressão: 5.2632
"
mixed_data.txt,16,True,0.11298584938049316,True,0.07409501075744629,False,660,404,256.0,.txt,5.810397553516816,0.0,7.904775907507799e-05,"Tempo de execução: 0.0434 segundos
Taxa de compressão: 3.0446
","Tempo de execução: 0.0002 segundos
Taxa de descompressão: 3.0990
"
hex_values.txt,16,True,0.09190797805786133,True,0.07218790054321289,True,220,176,44.0,.txt,0.0,0.0,6.323801730476725e-05,"Tempo de execução: 0.0255 segundos
Taxa de compressão: 2.5000
","Tempo de execução: 0.0002 segundos
Taxa de descompressão: 2.5000
"
sql_query.sql,16,True,0.147996187210083,True,0.057938337326049805,True,1700,646,1054.0,.sql,0.0,0.0,6.5872759387494e-05,"Tempo de execução: 0.0700 segundos
Taxa de compressão: 5.2632
","Tempo de execução: 0.0003 segundos
Taxa de descompressão: 5.2632
"
csv_data.csv,16,True,0.11709475517272949,True,0.07302308082580566,True,640,370,270.0,.csv,0.0,0.0,5.533297208807271e-05,"Tempo de execução: 0.0400 segundos
Taxa de compressão: 3.4595
","Tempo de execução: 0.0002 segundos
Taxa de descompressão: 3.4595
"
json_array.txt,16,True,0.10629463195800781,True,0.07321548461914062,True,540,348,192.0,.txt,20.322580645161267,0.006046842210130741,7.11421771139832e-05,"Tempo de execução: 0.0353 segundos
Taxa de compressão: 3.1034
","Tempo de execução: 0.0002 segundos
Taxa de descompressão: 3.1034
"
alpha_numeric.txt,16,True,0.09888839721679688,True,0.06989264488220215,True,406,240,166.0,.txt,5.362776025236591,0.05700903816333734,5.2697746515249526e-05,"Tempo de execução: 0.0283 segundos
Taxa de compressão: 3.3583
","Tempo de execução: 0.0001 segundos
Taxa de descompressão: 3.3583
"
repeating_words.txt,16,True,0.1829061508178711,True,0.07595276832580566,True,2600,502,2098.0,.txt,0.0,0.007841058761291373,4.742784064835755e-05,"Tempo de execução: 0.1080 segundos
Taxa de compressão: 10.3586
","Tempo de execução: 0.0002 segundos
Taxa de descompressão: 10.3586
"
special_characters.txt,16,True,0.19915008544921875,True,0.07493448257446289,True,11,22,-11.0,.txt,0.0,0.1343086819907421,0.00025031285813676855,"Compressão aumentou o tamanho do arquivo. Retornando o original.
Tempo de execução: 0.1349 segundos
Taxa de compressão: 1.0000
","Tempo de execução: 0.0000 segundos
Taxa de descompressão: 1.0000
"
binary_pattern.bin,16,True,0.09354925155639648,True,0.07799887657165527,False,256,32,224.0,.bin,7.374631268436584,0.10702921034463604,5.533215126292473e-05,"Tempo de execução: 0.0201 segundos
Taxa de compressão: 16.0000
","Tempo de execução: 0.0001 segundos
Taxa de descompressão: 8.0000
"
json_data.txt,16,True,0.11356353759765625,True,0.06771111488342285,True,47,82,-35.0,.txt,58.653846153846146,0.25468199221466425,6.323653102729378e-05,"Tempo de execução: 0.0377 segundos
Taxa de compressão: 1.1463
","Tempo de execução: 0.0001 segundos
Taxa de descompressão: 1.1463
"
mixed_case_text.txt,16,True,0.13754868507385254,True,0.07379007339477539,True,810,388,422.0,.txt,0.0,0.0,5.533180282053601e-05,"Tempo de execução: 0.0533 segundos
Taxa de compressão: 4.1753
","Tempo de execução: 0.0003 segundos
Taxa de descompressão: 4.1753
"
html_snippet.txt,16,True,0.11553025245666504,True,0.06482386589050293,True,72,108,-36.0,.txt,0.0,0.168187364911749,5.533164245103683e-05,"Tempo de execução: 0.0418 segundos
Taxa de compressão: 1.3333
","Tempo de execução: 0.0001 segundos
Taxa de descompressão: 1.3333
"
small_image.bmp,16,True,0.36092185974121094,True,0.06895875930786133,False,10000,562,9438.0,.bmp,2.203856749311302,0.0,6.850563906802821e-05,"Tempo de execução: 0.2842 segundos
Taxa de compressão: 35.5872
","Tempo de execução: 0.0002 segundos
Taxa de descompressão: 35.5872
"
html_page.txt,16,True,0.17380094528198242,True,0.07158398628234863,True,2360,902,1458.0,.txt,60.229885057471265,0.7084391344126266,5.269644549827967e-05,"Tempo de execução: 0.1107 segundos
Taxa de compressão: 5.2328
","Tempo de execução: 0.0003 segundos
Taxa de descompressão: 5.2328
"
html_long_text.txt,16,True,0.3988018035888672,True,0.06815052032470703,True,2807,772,2035.0,.txt,0.0,0.0,7.904443082186868e-05,"Tempo de execução: 0.0906 segundos
Taxa de compressão: 7.2720
","Tempo de execução: 0.0003 segundos
Taxa de descompressão: 7.2720
"
small_text.txt,16,True,0.11391496658325195,True,0.07518815994262695,True,47,86,-39.0,.txt,0.0,0.0,4.742650604187339e-05,"Tempo de execução: 0.0369 segundos
Taxa de compressão: 1.0930
","Tempo de execução: 0.0001 segundos
Taxa de descompressão: 1.0930
"
long_random_chars.txt,16,True,0.12363457679748535,True,0.07803130149841309,True,620,496,124.0,.txt,0.0,0.0,7.640915341608988e-05,"Tempo de execução: 0.0477 segundos
Taxa de compressão: 2.5000
","Tempo de execução: 0.0002 segundos
Taxa de descompressão: 2.5000
"
large_image.bmp,16,True,69.99255108833313,True,0.07729935646057129,False,2073600,2536,2071064.0,.bmp,0.0,0.0,0.00011066118556544982,"Tempo de execução: 69.9097 segundos
Taxa de compressão: 1635.3312
","Tempo de execução: 0.0012 segundos
Taxa de descompressão: 63.8801
"
mixed_ascii_binary.bin,16,True,0.09326410293579102,True,0.06715989112854004,False,400,0,,.bin,8.227848101265812,0.0,3.688693259334634e-05,"Tempo de execução: 0.0173 segundos
Taxa de compressão: 0.0000
","Tempo de execução: 0.0000 segundos
Taxa de descompressão: 0.0000
"
random_english_words.txt,16,True,0.17043828964233398,True,0.0651249885559082,True,1850,686,1164.0,.txt,0.0,0.0,4.742601620515356e-05,"Tempo de execução: 0.0913 segundos
Taxa de compressão: 5.3936
","Tempo de execução: 0.0003 segundos
Taxa de descompressão: 5.3936
"
sequential_numbers.txt,16,True,0.11493134498596191,True,0.08566641807556152,True,1000,274,726.0,.txt,0.0,0.0,6.850403445289214e-05,"Tempo de execução: 0.0397 segundos
Taxa de compressão: 7.2993
","Tempo de execução: 0.0002 segundos
Taxa de descompressão: 7.2993
"
json_nested.txt,16,True,0.12483596801757812,True,0.07046627998352051,True,840,416,424.0,.txt,171.38263665594857,4.0066881092501,6.323428508134064e-05,"Tempo de execução: 0.0508 segundos
Taxa de compressão: 4.0385
","Tempo de execução: 0.0002 segundos
Taxa de descompressão: 4.0385
"
short_text.txt,16,True,0.20468997955322266,True,0.07945656776428223,True,13,26,-13.0,.txt,0.0,1.886918945424734,6.059934118504067e-05,"Compressão aumentou o tamanho do arquivo. Retornando o original.
Tempo de execução: 0.1415 segundos
Taxa de compressão: 1.0000
","Tempo de execução: 0.0001 segundos
Taxa de descompressão: 1.0000
"
css_snippet.css,16,True,0.12493085861206055,True,0.06737041473388672,True,1040,440,600.0,.css,0.0,0.0,4.479068876407393e-05,"Tempo de execução: 0.0592 segundos
Taxa de compressão: 4.7273
","Tempo de execução: 0.0002 segundos
Taxa de descompressão: 4.7273
"
long_numbers.txt,16,True,0.13489890098571777,True,0.07503390312194824,True,2000,390,1610.0,.txt,0.0,0.0,5.269476968314977e-05,"Tempo de execução: 0.0604 segundos
Taxa de compressão: 10.2564
","Tempo de execução: 0.0002 segundos
Taxa de descompressão: 10.2564
"
empty_string.txt,16,True,0.20734858512878418,True,0.06075167655944824,True,0,0,,.txt,0.0,0.0,8.43113693697164e-05,"Compressão aumentou o tamanho do arquivo. Retornando o original.
Tempo de execução: 0.1321 segundos
Taxa de compressão: 0.0000
","Tempo de execução: 0.0000 segundos
Taxa de descompressão: 0.0000
"
numeric_sequence.txt,16,True,0.10689043998718262,True,0.07238912582397461,True,40,48,-8.0,.txt,0.0,0.0,5.532927783778663e-05,"Tempo de execução: 0.0361 segundos
Taxa de compressão: 1.6667
","Tempo de execução: 0.0001 segundos
Taxa de descompressão: 1.6667
"
repeated_text.txt,16,True,0.2005748748779297,True,0.07540392875671387,True,2850,1070,1780.0,.txt,3.314917127071811,0.0,6.059855883980423e-05,"Tempo de execução: 0.1281 segundos
Taxa de compressão: 5.3271
","Tempo de execução: 0.0004 segundos
Taxa de descompressão: 5.3271
"
code_snippet.py,16,True,0.14373040199279785,True,0.07483744621276855,True,1410,676,734.0,.py,0.0,0.09396863500686997,5.532893963588973e-05,"Tempo de execução: 0.0716 segundos
Taxa de compressão: 4.1716
","Tempo de execução: 0.0002 segundos
Taxa de descompressão: 4.1716
"
xml_snippet.xml,16,True,0.1277461051940918,True,0.0761110782623291,True,960,410,550.0,.xml,0.0,0.013214208232254502,5.269405190595966e-05,"Tempo de execução: 0.0555 segundos
Taxa de compressão: 4.6829
","Tempo de execução: 0.0002 segundos
Taxa de descompressão: 4.6829
"
large_text_file.txt,16,True,0.17717885971069336,True,0.0744943618774414,True,2000,886,1114.0,.txt,0.0,0.011235445662822304,4.742451301941204e-05,"Tempo de execução: 0.0979 segundos
Taxa de compressão: 4.5147
","Tempo de execução: 0.0004 segundos
Taxa de descompressão: 4.5147
"
small_text_file.txt,16,True,0.10660266876220703,True,0.06592917442321777,True,47,86,-39.0,.txt,76.1437908496732,2.2290481922709726,5.796311195938662e-05,"Tempo de execução: 0.0375 segundos
Taxa de compressão: 1.0930
","Tempo de execução: 0.0001 segundos
Taxa de descompressão: 1.0930
"
binary_file.bin,16,True,0.16682815551757812,True,0.08310127258300781,False,5000,118,4882.0,.bin,35.81314878892734,2.225364582773458,0.00011065653815077801,"Tempo de execução: 0.0953 segundos
Taxa de compressão: 84.7458
","Tempo de execução: 0.0001 segundos
Taxa de descompressão: 3.3898
"
large_text.txt,16,True,2.0044641494750977,True,0.07654976844787598,True,57000,5028,51972.0,.txt,0.0,1.0478421392560031,5.532808248753162e-05,"Tempo de execução: 1.9215 segundos
Taxa de compressão: 22.6730
","Tempo de execução: 0.0023 segundos
Taxa de descompressão: 22.6730
"
source_code.py,16,True,0.18921709060668945,True,0.07934856414794922,True,3100,1022,2078.0,.py,44.565217391304344,0.0,4.7423884533590575e-05,"Tempo de execução: 0.1180 segundos
Taxa de compressão: 6.0665
","Tempo de execução: 0.0003 segundos
Taxa de descompressão: 6.0665
"
html_with_comments.txt,16,True,0.1686110496520996,True,0.0781407356262207,True,1320,622,698.0,.txt,30.819672131147513,0.0,3.4250461452515175e-05,"Tempo de execução: 0.0819 segundos
Taxa de compressão: 4.2444
","Tempo de execução: 0.0003 segundos
Taxa de descompressão: 4.2444
"
yaml_data.yaml,16,True,0.22195053100585938,True,0.06620287895202637,True,680,390,290.0,.yaml,0.0,0.0030935299787223144,5.796215750852722e-05,"Tempo de execução: 0.0484 segundos
Taxa de compressão: 3.4872
","Tempo de execução: 0.0002 segundos
Taxa de descompressão: 3.4872
"
long_text_with_numbers.txt,16,True,0.12601637840270996,True,0.07293510437011719,True,930,436,494.0,.txt,0.0,0.0,5.532735655612182e-05,"Tempo de execução: 0.0502 segundos
Taxa de compressão: 4.2661
","Tempo de execução: 0.0002 segundos
Taxa de descompressão: 4.2661
"
symbols_and_numbers.txt,16,True,0.11016559600830078,True,0.0698697566986084,True,1000,380,620.0,.txt,63.38028169014085,0.0,4.74233160369083e-05,"Tempo de execução: 0.0403 segundos
Taxa de compressão: 5.2632
","Tempo de execução: 0.0001 segundos
Taxa de descompressão: 5.2632
"
